,date,Automobile and Auto Components,Capital Goods,Chemicals,Construction,Construction Materials,Consumer Durables,Consumer Services,Fast Moving Consumer Goods,Financial Services,Healthcare,Information Technology,Media Entertainment & Publication,Metals & Mining,Oil Gas & Consumable Fuels,Power,Realty,Services,Telecommunication,Textiles
0,2023-11-02,,,,,,,,,,,,,,,,,,,
1,2023-11-03,1.0057061834211636,1.006502633289401,1.0099785047246366,0.9986640061074006,1.0013388167281845,1.0078755420896324,1.0165879271384806,1.0068722732922657,1.0045099986644257,1.009202547686123,1.0087126596863247,1.0210857399434135,1.005363244877532,1.0112185312363875,1.0062987799602017,1.0263214409849863,1.0136705086254878,0.9978605483713536,0.9955437312936481
2,2023-11-06,1.0150128274162746,1.0175180346985981,1.0237385027985961,1.0112966744835195,1.0111367328387089,1.0196013934817378,1.0357039919417323,1.0141913060314482,1.0097479292004632,1.0229879350328563,1.015215166616209,1.007180205722767,1.020758892495285,1.0240981208848963,1.0151855219180643,1.0400482971336844,1.041860729117239,0.9966704910008871,0.9977013634852011
3,2023-11-07,1.0132036490411216,1.0236191045700764,1.019094837868855,1.0142921496247932,1.0122444202172043,1.0235601903477818,1.0494798411566837,1.0187238106087089,1.0163876244255314,1.0364401072898297,1.0199690435514337,0.9966714112254167,1.0241698885053487,1.0331913728050532,1.01804369737472,1.020037750393196,1.061733499540346,0.9990652777890993,0.9909092118390422
4,2023-11-08,1.021870673468921,1.0344054060157486,1.034540860397201,1.039473964997684,1.0137055972856248,1.0409587455636091,1.0618347104030486,1.0237718694954696,1.0214045579484592,1.0520972953327072,1.0260991248832587,0.9956309428410623,1.027189931689379,1.0418880844246163,1.024218236666756,1.0360209578125947,1.0648514353579495,0.994223279866355,1.0078111074160292
5,2023-11-09,1.0246275166227248,1.0296967480940755,1.0261637394540912,1.0400701657110853,1.0061030843665038,1.0321406592979172,1.0578825535075056,1.015232435454151,1.02193607340138,1.0547250479878938,1.020945449273919,1.0003444539549788,1.0237371670494326,1.0361134027221328,1.0211023356167184,1.058470404313013,1.055696896828898,0.9957890968138091,1.0026365147988028
6,2023-11-10,1.0211960993325309,1.037343708340599,1.0286373084062708,1.0269520249388884,1.0087933489150585,1.031666610802404,1.0626914601957673,1.012761615308258,1.0267623815287048,1.0583607281390732,1.0227760901240281,0.9670312451931558,1.0372421085831742,1.0348849156779025,1.0305526474579703,1.0630242523376727,1.054114051292862,0.9926649003338839,1.0205680079813768
7,2023-11-12,1.0275551267394227,1.0428898461438192,1.0337821251550225,1.0375224924406614,1.0123441318059725,1.0342527848685263,1.0665343050098506,1.0158871322052485,1.0335535468596688,1.0620454987485763,1.0300039295182037,0.9760194986245628,1.0436590672196662,1.0424797343594439,1.039094778609764,1.0686056866175466,1.065055093381051,1.0001918080193055,1.0204296641170603
8,2023-11-13,1.0235070793482135,1.0461548376678782,1.0272359414708456,1.0318529224097788,1.0089726341212735,1.026528506804761,1.0672104144561152,1.0127817291879668,1.0443580319290076,1.0582720494498188,1.021572372784676,0.9921428110026349,1.0449105175527549,1.0483950018124284,1.0426225566009768,1.0520097393828647,1.0575157214999813,1.0021500366277203,0.9853249085467243
9,2023-11-15,1.0458861686951255,1.055106182045281,1.0367886019492862,1.046639024693081,1.012638259534235,1.029799676541931,1.0765304690576252,1.0166612851509256,1.0555803080017911,1.0593111848942347,1.0466473419692588,0.9798196208684563,1.0533236921418183,1.0583102487845606,1.0443847471964784,1.081483396063478,1.0652922165705614,1.0051540557882421,0.9842580645161291
10,2023-11-16,1.0544289217631067,1.0632833941024236,1.0368260202515123,1.0374377291171983,1.017072725711382,1.0319829557789872,1.0811526124378332,1.0159644360755693,1.0552915811664194,1.0699956084338713,1.078802468347612,0.9862667362329508,1.0497130286048642,1.0653863488712672,1.0430976106378966,1.1021014060106584,1.0709732398306555,1.0136255649337065,0.9961396740937812
11,2023-11-17,1.0615997364685053,1.071307805763378,1.0413612162031392,1.074771810402256,1.024431481402891,1.038911674280676,1.1007089574999434,1.0257004466030748,1.0484825531463893,1.0802822196777966,1.0786817214079463,0.9819373720459695,1.0509504394637577,1.054277330029904,1.0467005513758927,1.0967103135350216,1.0757413075274478,1.0149890780450104,0.9975550382440972
12,2023-11-20,1.0523447797597998,1.072212021718134,1.0308316712250958,1.0643556101805367,1.0184692682393373,1.0355520042547965,1.10000442106799,1.0237532099455933,1.0440769541565427,1.0837146592122333,1.0910436958730885,0.9810992190504889,1.0487663771787166,1.0517022678196246,1.0426138646927265,1.0956552694562276,1.069294407781953,1.0219638948260086,0.9983478550049886
13,2023-11-21,1.0558779542623318,1.0693045313309655,1.0342966257160777,1.0690607553512945,1.0209022594763346,1.052508940099884,1.0974287288172433,1.020588502665348,1.0442239230403585,1.090957910255243,1.0838911513773077,0.984817507184025,1.0595974726132833,1.0446703814061127,1.0539585046172326,1.1165218241796053,1.0695383770585625,1.0102906687331996,1.0031100764881944
14,2023-11-22,1.0680587340385013,1.0710441740936636,1.031243219405846,1.066832891267745,1.0129822875566858,1.05079628898487,1.0991368667142019,1.0212284757190426,1.037519244219479,1.098097204501096,1.0835643598434512,0.9804342071511957,1.0515785226371526,1.044935463280078,1.05417744885584,1.1086181825195212,1.0598950142228778,1.0026444571013098,1.0048952444296642
15,2023-11-23,1.072533910663408,1.0794086538975554,1.0452364791016928,1.063707546536751,1.011338989471612,1.0441702659285155,1.1040893680050037,1.0258681266224519,1.0392391703373023,1.0847172500481295,1.0780251928222575,0.9817744612781153,1.0543925788525088,1.0560732850278696,1.051882324990594,1.119410099047603,1.0570343027708777,1.0067512324920693,1.0029158629863653
16,2023-11-24,1.0715547778849053,1.0911937448852964,1.04085058646548,1.0658470560601006,1.011035498246685,1.0396087900707816,1.104866481707184,1.0190449410632707,1.0376088835591617,1.0947274541803267,1.0719072327311394,0.9924410051520607,1.059594472266231,1.0525924523087247,1.0633174447171683,1.1187824462589262,1.0643364366856947,1.001792627877529,0.9977785167941471
17,2023-11-28,1.0811924506446764,1.089471807501394,1.0430014016740647,1.0622334480642597,1.0289354902774521,1.0395331727680868,1.107122057617056,1.018562247138885,1.049130688195218,1.0913943826082795,1.0724076117040577,1.0017859511250946,1.0863533413294117,1.0890906052452176,1.1176549169330139,1.1239734473517025,1.0858761787125226,0.9960804947891003,1.00175324243432
18,2023-11-29,1.0956887911413924,1.095816346556754,1.0497338262679332,1.0657123802878068,1.0334385942249695,1.0401670881162661,1.1137944824467292,1.0272294560096253,1.059152157152716,1.0993382132666853,1.087972393015279,0.9867974650737026,1.0871823923281196,1.1087146625742155,1.1329649917043652,1.1197416179025663,1.0936495727515527,1.0025255493316305,0.9937825074825409
19,2023-11-30,1.0972999247479929,1.1185850574396996,1.0509396170953045,1.0664040248165911,1.046096896281391,1.0493023340180987,1.1319584398108347,1.035516341856525,1.0639046321618444,1.1153959966639306,1.0893179503206067,0.9963116268784153,1.0888476316584086,1.1158639056771682,1.1293673369646866,1.1400340807366485,1.0929898525194572,1.002470031038248,0.9912710342534088
20,2023-12-01,1.1011953317174947,1.1238071504926708,1.06303848698571,1.0829698416296891,1.0565903017459,1.073879759495743,1.1327442806081136,1.0443054834430492,1.0734081898501966,1.120413531937758,1.0858866145098987,1.0223040179679257,1.1029157102758145,1.1216817704087136,1.1437446144960428,1.160775555606489,1.1126881061774547,1.0040127130707228,1.0054033920851346
21,2023-12-04,1.112160175968475,1.1443063880646271,1.0705343980762592,1.128111967699694,1.0971613348806146,1.077163189846404,1.1375531261460778,1.0510756622293178,1.0980466252216114,1.1216000659484127,1.0843307394213848,1.0040810843234396,1.1179321866429612,1.1640913366912473,1.1800156983316648,1.190782176239481,1.136278851806299,1.006204639172075,0.9973475224476223
22,2023-12-05,1.1182637007744671,1.1464457407052744,1.073384748800486,1.120583111698114,1.1325905790845001,1.0825208376679303,1.145522925087804,1.0580443437844267,1.0998193191483019,1.1195848119334997,1.0756647478492345,0.9870491541908619,1.1442991970924283,1.188755830221976,1.2544543989165573,1.1850654074212301,1.1703619921775514,1.0048461860513733,0.9803365480545394
23,2023-12-06,1.1167886615000908,1.154291110521092,1.0982152403821217,1.1363717676154703,1.120621090948382,1.0790150591153118,1.157440436129271,1.0672606285009312,1.1055103534169965,1.11054270041074,1.0903511017526997,1.0002794963752863,1.1545369725887884,1.2106042861748467,1.298907566630781,1.188189647855833,1.1766086392806157,0.997571798605362,0.9772637179913535
24,2023-12-07,1.1233024842763208,1.159018992578996,1.0925178572826155,1.1277305499518093,1.1296291102638942,1.0873943391428003,1.1657514035959395,1.0628134756837162,1.1040749168628032,1.1217315353488257,1.0892114435165858,1.036794357435261,1.1480995671009149,1.2237029289834485,1.3595517874286773,1.1975467269174007,1.1926855357223882,1.014924231355578,0.9959800465580313
25,2023-12-08,1.123080503700466,1.1520101290033502,1.0781868113828876,1.1350508474112386,1.1208764086235647,1.0836110122154798,1.152715839438853,1.0555448350262187,1.102967053081928,1.111930454428708,1.1015272300288605,1.0447961599987374,1.145234101962108,1.2133339754566388,1.3251132875524596,1.2133131560685837,1.2067022789155244,1.003080759666817,0.9932956434985034
26,2023-12-11,1.1321080100475576,1.1703760425278953,1.0928182728469111,1.1601603939981593,1.1399635200601146,1.0905735788557314,1.1602172452106245,1.0634043922564786,1.1079388611079688,1.1057727760937583,1.1099890580399265,1.0590172883558913,1.1633799953987458,1.2108552293997186,1.3275119638994834,1.2196119383792108,1.2254185595048572,1.0118712717200418,0.9921330229464582
27,2023-12-12,1.12598540273022,1.1547938113053164,1.077743850177653,1.1514237934259852,1.1471953621827933,1.0835070588368176,1.1514071475142347,1.0574297042252074,1.1071056028836102,1.1006765272708874,1.1099661842969653,1.0650873129775191,1.1685811908786905,1.1898022903579617,1.3058165320328343,1.186992209954116,1.2268215572383863,1.0111331422276155,0.9960385766544727
28,2023-12-13,1.1351417724467554,1.1630632258810498,1.0786676201460597,1.1580754147351235,1.1477553553820112,1.085059394910059,1.1583447839138714,1.0674479357505422,1.1129399867603307,1.1122285802768967,1.1061784643759855,1.0652182392769445,1.1873306661585867,1.1862655791774213,1.3116428242925258,1.212797134382846,1.2530813164287111,1.0091803576719565,1.0005400731626204
29,2023-12-14,1.1439376228136735,1.166575607598806,1.0762832365084787,1.179454066317876,1.1663366410314697,1.090332453140407,1.188501598852858,1.0688570916186162,1.129342929914848,1.115362617614648,1.1422058768437842,1.0565081011820885,1.2009050565330348,1.2050384074905496,1.3345769765110238,1.2572032661044117,1.252842524449714,1.0468882342224624,1.0024103757898235
30,2023-12-15,1.1394788592075253,1.1693146896828481,1.0931874146050404,1.1934272158852028,1.1652884229204103,1.0932763184028942,1.1871827363685166,1.0649164896827934,1.1320676718185787,1.1151684797343786,1.1814914900618134,1.0611521323147775,1.220824454805492,1.2179617276644028,1.3335116439990875,1.2434622565652078,1.2356935900953494,1.0505732713419431,1.0070448952444295
31,2023-12-18,1.1417702393818991,1.1880142871597308,1.0946715796623037,1.1922511572652565,1.1626572201771679,1.0993145782348082,1.2062565444796736,1.067965051712154,1.1310793231370013,1.1251828096529348,1.1795480107508256,1.063949351426494,1.2309869245614213,1.217359596802709,1.3329091889334836,1.232127280611077,1.2488600756589645,1.0518131856333235,1.0099660791486529
32,2023-12-19,1.1340193343530842,1.1792890695414648,1.0895581487460622,1.1975868485263497,1.1581917917551487,1.109003364335205,1.2070983772494774,1.0843305859141874,1.1315317446907902,1.1293246002442945,1.1688660995335773,1.0476442690637182,1.22015295267713,1.230334431175165,1.3332640609247313,1.2242421637012688,1.232434462416342,1.0441847034695746,1.0044855337545724
33,2023-12-20,1.1051019375569302,1.1449703970446228,1.0518815021820414,1.1455496587222398,1.1157338719071226,1.1013936477147335,1.1616702055946664,1.0769101911251124,1.0952581340758554,1.1047839332511442,1.1412007685840007,0.998487413078391,1.1672214489384223,1.2028021689369464,1.261475987525022,1.1915590818580306,1.1809725937851383,0.9889284794715862,0.984726305287662
34,2023-12-21,1.1128063990285755,1.1636229539074938,1.073769649192011,1.1641355263426973,1.1304007502549955,1.1151392614889295,1.1776136997795332,1.0840316118110833,1.105527458444935,1.1179175073037768,1.152087103155599,1.030506773715596,1.1915425123119152,1.2261407584814534,1.302094714988421,1.1999338433899223,1.207263906892133,1.0108883080900923,0.9904675756568007
35,2023-12-22,1.12631350386211,1.1722653046013929,1.0900533925875109,1.1716403816679415,1.1215741866373332,1.1258076739465004,1.1919532216572064,1.091444803665068,1.1070738721946416,1.1284562566776555,1.177068355547197,1.064560580954837,1.2140464882665443,1.2381246441566727,1.303370610918271,1.2270988461274148,1.2153910065156202,1.013762309544764,1.0006571333555037
36,2023-12-26,1.1371804373552612,1.194105753062705,1.1143974890753305,1.179473767519313,1.1338597193199476,1.1388025536570703,1.1883547201853233,1.1009117673984028,1.1053390036235595,1.1426684612124878,1.1732875377843626,1.0474728370586832,1.2288901111375186,1.2565748122480631,1.318138201314154,1.232610482633381,1.2198607431438964,1.012023499109497,0.9993960758230795
37,2023-12-27,1.153988631115219,1.1942435893775087,1.1141555411755795,1.1857841436845158,1.16314105059839,1.1479611456841203,1.1950283927232457,1.1043463491403243,1.1149149993997263,1.1511176644555086,1.1771674806482353,1.046566685130357,1.2387018798817175,1.2536303805789266,1.3195684038226438,1.2484193916965767,1.2065364782369883,1.020192874779739,1.0090961090788162
38,2023-12-28,1.1655124128584926,1.1890450780440471,1.1155770444192348,1.1801090083137862,1.1607060160138485,1.1472288815508742,1.1902443027387344,1.1168770963855623,1.1188743537098096,1.1607953598699443,1.1738820960705665,1.0646231340311383,1.2590673612279457,1.2840137939178575,1.3216198346982058,1.2618437632253598,1.217057613319053,1.0309109284931917,1.0260033255736616
39,2023-12-29,1.182675080834148,1.1982903011361727,1.122774553901016,1.1952458155823416,1.1668706242575888,1.1560886363730611,1.2003495290800164,1.1313208028507444,1.123203200706194,1.163257177780336,1.1735567460715688,1.068802066616177,1.2689958011126334,1.2738791710504027,1.3280532855533917,1.278637898494244,1.2334751945615166,1.0959198877335259,1.0246172264715665
40,2024-01-01,1.185078834240811,1.2011113463719858,1.1254275234905462,1.1966338975168525,1.179341166390645,1.1560275376299827,1.1974156808386587,1.1316697091820842,1.130470415122069,1.1688053791610924,1.1760733523074602,1.0875112738495687,1.2724349484848885,1.2900574705136687,1.3357025058287035,1.2864720148351803,1.2385729700516397,1.1125194756018697,1.031550382440971
41,2024-01-02,1.1734596276460592,1.1902135657892867,1.130846796154764,1.1778644642316973,1.1669699173797847,1.1579625235526647,1.2090661800810776,1.1318306103069822,1.1258332375104094,1.1920852484280706,1.1661631894977726,1.0900401129547488,1.276376063116571,1.3033157971505678,1.3371385250096468,1.276734512352836,1.2452913985761327,1.0942627190137881,1.0426125706684402
42,2024-01-03,1.1705750184210462,1.1869119401388903,1.1294256266598137,1.1929080383068025,1.165338610997728,1.1558747975485832,1.2070349402111138,1.1294639302381697,1.1327199956870528,1.2013525725164074,1.142454435503383,1.0953301894827905,1.258971324725943,1.3169689118380266,1.364742507985743,1.2948317362624242,1.2671313469343766,1.1035909596671258,1.0322820086464914
43,2024-01-04,1.1736463347768586,1.1941212245168267,1.1318050346673076,1.196733151887724,1.1802012126272499,1.1653975916436514,1.2190277780529528,1.1473114038527317,1.1518795525161092,1.20413270707033,1.14379597644874,1.1130862593721875,1.264709317428081,1.3214909327627828,1.4001256948410987,1.3892274244708838,1.2917653030305902,1.1377207701643481,1.0395583638177586
44,2024-01-05,1.1844497449203817,1.2049689786952598,1.1182453720259,1.2049251201317968,1.173390102850787,1.1599060331315927,1.2209636765530485,1.1453887342632436,1.1525302816839578,1.2006197579489248,1.1570249438847844,1.0921824785467442,1.2570524851345537,1.322742038291607,1.4030828399313167,1.3800911699753737,1.2934954702766737,1.148657086450821,1.0351420019953443
45,2024-01-08,1.1819282441868164,1.201086545342916,1.1013789285789046,1.193047080533034,1.1617206407785088,1.1506487711019753,1.2085747650813152,1.1263977151030864,1.1397475128021262,1.1815512413497784,1.1459684494040807,1.0816689284756653,1.2317473781474357,1.3160992665077007,1.392781886675113,1.3754454895590393,1.2945453817665138,1.1320851690532518,1.0028174260059861
46,2024-01-09,1.195327360260805,1.204765710552481,1.0995555000889308,1.2128750857784296,1.1530753045617135,1.1573891394711837,1.221878336961266,1.1290472171628188,1.139161615043939,1.1910424598272722,1.1502853749304318,1.04068634620513,1.2407941960872122,1.3241139533766844,1.4090090613893405,1.408018870487182,1.3019441614486842,1.1206616728026793,0.9698064516129032
47,2024-01-10,1.1981162605775924,1.2106844483142591,1.0960161195264653,1.2506930026505598,1.1471435011386402,1.1633608476889588,1.229915151848783,1.1227502605704525,1.138079478619702,1.1949067136626734,1.1586198780659986,1.0451251380147886,1.249298723380296,1.3141934619679088,1.4074002233837575,1.4114754466770647,1.3246217111993728,1.1206217027485843,0.9880625207848356
48,2024-01-11,1.2112458073824282,1.191312625350723,1.106827278040304,1.2511262533914032,1.1590618686030405,1.183719456758407,1.2398290272943169,1.1254855201063165,1.150394287313797,1.2055816488939541,1.1587844693851599,1.0222694971468935,1.2487603533957357,1.3325382415075238,1.41866050641314,1.423458487948457,1.313620035037444,1.1191072133981044,0.9795251080811442
49,2024-01-12,1.207653557428689,1.1914533826825782,1.1052521787481002,1.2733421343763376,1.1576735656853954,1.1866117297457894,1.243781542391822,1.1280277477239673,1.16024463942289,1.1955304202796915,1.202930470234216,1.018820405893804,1.2552891275225693,1.342724340203316,1.4178623676526285,1.4458553396099199,1.307958092142228,1.1260198295869144,0.9806212171599602
50,2024-01-15,1.2120588148632414,1.1997763102434704,1.105375688377986,1.323253036726923,1.1569550647671714,1.1837463894021736,1.2403064126422716,1.1286481676004563,1.1719101515538308,1.2039985239345903,1.221952867254045,0.988555968682973,1.2502574843854128,1.3632197420351457,1.4356552911604317,1.454140005437916,1.3105509429174433,1.1481878624679211,1.000736947123379
51,2024-01-16,1.2046892798161237,1.1958778246176223,1.1067738144294392,1.3376349955348905,1.154391223568832,1.1783690740914414,1.224597532127296,1.1263198287911307,1.1755998615530405,1.19411129129042,1.207133822839723,1.0001168737100576,1.266416920495198,1.3735792217650078,1.4155070948172883,1.4236115449705278,1.303570755432877,1.1315958254974854,1.0179235118057866
52,2024-01-17,1.1890485763967098,1.1910027550756108,1.0870154504295855,1.3875696124618873,1.128931234824028,1.171772840637123,1.2018615151189949,1.1146768291086457,1.1587822419574523,1.1880124287913698,1.2172257215610676,0.9793978844715511,1.2225812515400356,1.3604822701744772,1.4050142143897169,1.4022018797604077,1.2812195284019605,1.1009594590014837,1.0028174260059861
53,2024-01-18,1.196563503100633,1.1901451595928392,1.0740344916340112,1.4016715435477884,1.1319209119402052,1.1502295964489424,1.1974738972024304,1.1061565386078367,1.1568897241304157,1.1873658291347593,1.2238475198144998,0.9880878590635022,1.214901698255511,1.3695654511180444,1.3877662984774715,1.4009466964336883,1.2777354436898063,1.1192302532164768,1.0037565680079814
54,2024-01-19,1.2095255893361978,1.2109900560638827,1.08566106886754,1.5485049717367905,1.1484507572134501,1.1506432447954458,1.2256350589403713,1.1223179818524711,1.1724276309216932,1.1950718489512926,1.2347445688287328,0.9605249596081419,1.229767782350063,1.3959106470997322,1.406038199881869,1.4046502647539059,1.2767000229936398,1.129663624393423,1.0017718656468242
55,2024-01-20,1.2165623670070813,1.2042996538397608,1.0797905518822195,1.6234216589663026,1.1552213676267191,1.1384680703640744,1.2218951489294554,1.114683220820574,1.1824266479683074,1.1862686370502358,1.2273071462196194,0.9500109576219335,1.2344510662638342,1.4092571088979184,1.4534707909119198,1.3961113270554812,1.2910579687960482,1.1217735117586227,0.9969777186564684
56,2024-01-23,1.1940750246441978,1.1773460021251105,1.0434439748738662,1.5247043226189256,1.1272823618215457,1.1053869518678643,1.1928453687009424,1.100237306437711,1.1414960590740768,1.1900369654022,1.2167118869631133,0.7628094528030217,1.1859427058040417,1.3597515732512242,1.41278046952502,1.3064850437929572,1.2297553785126816,1.115252409970121,0.974741602926505
57,2024-01-24,1.210160251783065,1.1957664786252142,1.0592168306579715,1.5595711757366877,1.141007824204297,1.1171236918231295,1.220811115577176,1.1201741774982101,1.163748340943728,1.203101826613023,1.2302775040771115,0.8031376798370362,1.2266046169024285,1.3863605459778046,1.4439340776931895,1.3074207698650986,1.2379989504176871,1.1531455198298808,0.9727382773528437
58,2024-01-25,1.2068694734883216,1.199546289833881,1.0606635617146423,1.568583317437197,1.1787401871142538,1.1023644918770688,1.2164183706656182,1.1094807149775394,1.1624760154614113,1.1872801433843816,1.2074905747671212,0.7991504755651989,1.237767417403544,1.3711272240768029,1.4708743315548063,1.3188621057507175,1.2397398045076262,1.132567240827952,0.9766837379447957
59,2024-01-29,1.231262412849636,1.2211888499708967,1.0580854729864868,1.5860520059942393,1.2021280271370864,1.117957076569241,1.2286130841649732,1.1108160037662052,1.17817276183742,1.191471998579691,1.2119265535456907,0.8035334107534364,1.2578393879882923,1.425611725191985,1.5297429989191433,1.3307571406046559,1.2808464949618836,1.1429256936747556,1.0012690389092118
60,2024-01-30,1.226187161510999,1.217268626799397,1.0485913476511148,1.5626509079013573,1.1965950389601279,1.1109235108741393,1.2137487178962039,1.1048165511030157,1.176727344786613,1.1904076062261362,1.206075802926008,0.821925796019393,1.2617825963721345,1.434434680317393,1.514411516512173,1.3310561871846935,1.2861351123339368,1.1337055145819666,0.9836568007981377
61,2024-01-31,1.2439354612757478,1.2203871518449236,1.0712088400465312,1.5612792703622675,1.2091814092767244,1.1182394106272282,1.2298774065685136,1.1155220734232845,1.1971892885524427,1.2185018437325812,1.2188404619385502,0.8291596633762305,1.278549570912627,1.4410302449137258,1.540408653566195,1.3609872345969518,1.3087809951907226,1.1294172737476893,0.992726305287662
62,2024-02-01,1.2464224243709996,1.2114413090869265,1.0580705165245765,1.5158420222250404,1.2081171118449365,1.106018474678777,1.2256917316996543,1.1217714639323837,1.198027015034669,1.2150865350810922,1.2096344183829533,0.8206288116749514,1.265873706732358,1.446626380726672,1.5397347821011358,1.3497356912768985,1.3411328093252464,1.1117026266717767,0.9847449285001663
63,2024-02-02,1.2502672740337897,1.2201064240780297,1.0530139706370143,1.503304476739259,1.1977957596358286,1.1210088444378203,1.235973853171109,1.1210586883498221,1.2002556473749957,1.215475199529173,1.229450878022027,0.8236504852817589,1.3069554641530352,1.497043664857741,1.5812697578531796,1.3487552743791755,1.3792923065330098,1.1051118680657224,0.9838270701696042
64,2024-02-05,1.262640643737695,1.2122086141597757,1.0182630025385586,1.461983202679573,1.1713293297060243,1.1079389185813757,1.2214497965437145,1.1093069746959339,1.1963872971581069,1.2282265326539186,1.2230295783040916,0.8322846387775231,1.3192857665977153,1.5278340295128041,1.602481522135039,1.346581948272649,1.379240777522882,1.0856318548234276,0.9780352510808116
65,2024-02-06,1.276114098499761,1.2163336383400987,1.0358367521985916,1.490032583684475,1.183213398517796,1.105201812925796,1.2292628726686285,1.117980297909146,1.2022952832632425,1.2580914205237896,1.2609258962469594,0.824657356461612,1.3501677091890152,1.5787679954395732,1.6040241834100548,1.3507270031970275,1.3849592099492571,1.1122536040032767,0.9672151646158962
66,2024-02-07,1.2776958196664525,1.2180789225622495,1.0349869230520268,1.472240044000424,1.1920353411612328,1.1132599771537102,1.2596791077240463,1.124580396227825,1.2263428317097076,1.2563369402467235,1.2529652325425824,0.8396662912300991,1.3540677845710056,1.5762680316350324,1.6255760260350918,1.365664335521636,1.3850572711763833,1.1309984149363879,0.9650575324243431
67,2024-02-08,1.260421783510074,1.2296690591624744,1.027406054560723,1.4616307713546945,1.1694945099983272,1.1158912752017462,1.2672670153597283,1.1109526265185452,1.2164448480452925,1.2562075336929792,1.2580685460468237,0.8639922450156963,1.3420799317279952,1.5879999752367573,1.642386216371326,1.3549888479166987,1.3764094319173472,1.142619827222163,0.9774738942467576
68,2024-02-09,1.2558627371332303,1.2082779563812176,1.0238601498446476,1.4009894815468529,1.1969049109070837,1.1231153489326875,1.2677038425930458,1.1145044780233482,1.2104261669514214,1.2597745799302675,1.260753776572076,0.8750785158402395,1.3224892330742153,1.561762852833519,1.6126493917093065,1.3532439614002778,1.3645453453675758,1.1489957422368562,0.9658556701030927
69,2024-02-12,1.2404156291230852,1.1884554246681265,1.0197608999055747,1.3156074489844358,1.1818851486082205,1.125619557001799,1.249576640506853,1.1066800419287852,1.170780131150238,1.2601763940455437,1.262055561602207,0.8306874824299626,1.2841118429215688,1.5073092938068222,1.526368064353556,1.3225468550111772,1.3319313852333974,1.1072708050210183,0.9610056534752245
70,2024-02-13,1.2408216753718646,1.1835372463622689,1.0316619031637542,1.3661099178311347,1.1730027837301877,1.1367441407907515,1.2530709637627944,1.1103793648588254,1.1856058462522634,1.2667377050040063,1.266367389674047,0.8370013335981658,1.2559996140386023,1.5190521242351118,1.5232566474809406,1.3248012916492071,1.362782629273058,1.109872450489762,0.9582813435317592
71,2024-02-14,1.2603233557572286,1.2040637710158038,1.033228257701325,1.3722964510281972,1.1708737865886372,1.1390851047549024,1.2613317953686143,1.121511321054497,1.1983979248323893,1.2592490139688157,1.2562391674238325,0.871459140707454,1.2840115953595,1.570159823134401,1.5558670901484146,1.3377259313720902,1.3748260138145127,1.1351480419134072,0.9594918523445293
72,2024-02-15,1.2698184463065327,1.2197684612417323,1.0487268125891582,1.399581700580537,1.1690990555587184,1.1536324164974399,1.2645445095953067,1.1195387831337043,1.2063640339943518,1.2581654588309361,1.2684647056901839,0.8411406528766724,1.291070630549923,1.626606815497626,1.598584678933494,1.3331441135809614,1.3887342489801355,1.1509378490594109,0.9658397073495176
73,2024-02-16,1.291791480065825,1.2280925073247888,1.0621060021089144,1.397139922102267,1.18694303216225,1.1554281374244904,1.2719288875305246,1.1229112104344097,1.2114879155782858,1.281286283971393,1.2847665775438495,0.8341197099078409,1.2968265388939924,1.6131810600452083,1.5840011937510494,1.3604978828386467,1.3955458741980005,1.1584330754678893,0.966858663119388
74,2024-02-19,1.2938273504962243,1.2363482710364888,1.0711703213917854,1.4278482392467422,1.1943787292361805,1.1646533952724065,1.2829468398701116,1.1327189427324946,1.2140961924298332,1.285853049822237,1.2819737650126233,0.8191989600537876,1.2993768177548561,1.617386233609695,1.6159719145670381,1.3455467431126398,1.4315753491148386,1.1699780854209916,0.9755157964748915
75,2024-02-20,1.287188089296402,1.2351283216668862,1.0826197159578879,1.4341421771757634,1.1969591268716133,1.1612442122281932,1.2914516730406302,1.1310898312125823,1.2145564079983604,1.2822608743521362,1.278276095333645,0.8524612560525077,1.2960990704908544,1.6198859292194148,1.6040680712333242,1.3612142084257275,1.4358344410914348,1.1681763992817542,0.9695443964083802
76,2024-02-21,1.2742152045224553,1.224876981768154,1.0791842953866544,1.4027364557928579,1.1938682162712986,1.1705001875620487,1.273873892075678,1.1328779811791376,1.2073856190938435,1.273119809095574,1.2567282338337276,0.7829925953322857,1.2971165193594019,1.5951296373262858,1.5752646069275535,1.3866768902872184,1.4138712875204822,1.1485368326953576,0.9662254738942465
77,2024-02-22,1.290189609472861,1.2448656902831918,1.0785922077354966,1.4197603200020554,1.200926431217448,1.1761558188939665,1.2896315175571658,1.1408214023746874,1.214827172344364,1.27494821514122,1.2757294646984938,0.8005101595706658,1.3112202849323704,1.6030125505980881,1.5900036015757377,1.4104086377785707,1.4348553563739233,1.1777476081806595,0.9602780179580974
78,2024-02-23,1.295686833112064,1.268554646135502,1.0672037394704332,1.4336951134676392,1.201996001669388,1.1781013842207373,1.2965161875589786,1.1400181411579204,1.2202324374573623,1.2744434601864922,1.2782642409170493,0.819373468047341,1.305402349677377,1.5955850092562427,1.591793536759409,1.4177524073612724,1.4542476733026488,1.219121950426423,0.960450947788493
79,2024-02-26,1.29977960552348,1.265895866987221,1.0613327251185813,1.4574541582850662,1.2007499139755824,1.1659994328046879,1.288408542912496,1.1373195428097753,1.2188841025797401,1.25840592480571,1.2617309235457712,0.8135091936603033,1.286167060656823,1.5992092256192725,1.622050563454765,1.4196764689298287,1.4472083919064769,1.2169376265702105,0.9589624210176252
80,2024-02-27,1.3053852547844667,1.274222742407799,1.0568664340517269,1.4649406207347273,1.197513411806777,1.1658850551189954,1.2934283232534003,1.1364665789414938,1.2165286169211922,1.2612736683949775,1.260560454305877,0.8090947357517507,1.2850729128269123,1.5813528033463184,1.6186949253174472,1.434577737576735,1.4378883742382549,1.2024996426583945,0.9491400066511471
81,2024-02-28,1.2831179372789987,1.2599505192471918,1.0357373389185558,1.4356878133016007,1.1712064029822504,1.1643949638565754,1.2792147587878024,1.1219236225345233,1.1927611157631761,1.2469724113250524,1.2465816019307092,0.7750718121017421,1.2605968569555652,1.5473052062411023,1.570514701639833,1.4078709976217347,1.4189794998242184,1.1671546900997176,0.9165640172929826
82,2024-02-29,1.2884975048726752,1.275529498309295,1.034236487058761,1.3963271588704769,1.1831889174971446,1.1910364457190228,1.2866200422039487,1.1290460834116165,1.2048804560625195,1.245284991819247,1.2524412311614077,0.777984104103581,1.272822522574887,1.5512282690617656,1.5717382448032449,1.4053658693302757,1.4383074459458698,1.1770425501151072,0.9127914865314264
83,2024-03-01,1.3135401740470123,1.2880530794627014,1.0442387723351338,1.4332100331290518,1.2065249268873661,1.19724659224243,1.2912986828898245,1.134339674178521,1.2198136342001173,1.234673705871359,1.2491065478297743,0.763128697215828,1.3276055329143,1.5917211497567751,1.5962733579249815,1.4187241887400557,1.4400813328012612,1.1995893413516163,0.9473189225141332
84,2024-03-02,1.3217534872741876,1.2914733917454368,1.0476584041010235,1.451325250042724,1.2067118059852528,1.2166228481794026,1.2947630891477406,1.1399746103456023,1.223883613693966,1.2450480970913942,1.254111658034915,0.7796022093675107,1.3494745747907082,1.5967036802312207,1.6034537445463746,1.4353505966805609,1.450525298929655,1.2119831892299475,0.9452929830395738
85,2024-03-04,1.315914541898635,1.3019075517411962,1.039825993386881,1.4248912055293674,1.1993798198713623,1.2090487425561123,1.2928024241714244,1.135644164662933,1.226921796364857,1.240119279621449,1.241283921661693,0.7777532204095149,1.3538555293230818,1.6320450489005296,1.6177787952014542,1.4430658426326566,1.4496236036641803,1.2191689920281856,0.9436408380445622
86,2024-03-05,1.3327309859740737,1.2965306759378141,1.0501895964095382,1.41484640961891,1.1843657123261722,1.1958245274324875,1.2800252364114546,1.1220126075817698,1.2233003463020753,1.239056305582395,1.2243248499005397,0.7810202797184309,1.353036110485679,1.6447700384809567,1.6294635141932783,1.4490698754176898,1.4455291524284917,1.2258524920754201,0.949598935816428
87,2024-03-06,1.3323758739024472,1.2869352368202205,1.0700187853716507,1.4097931139403987,1.1671443812057736,1.1987397470438221,1.2681324050118123,1.1232476515031082,1.2152231535044096,1.2400794244216033,1.2314503901043223,0.7615783527136772,1.3457250887957168,1.61936224226374,1.622201664915083,1.4363560888013231,1.4153503342200036,1.216675594454902,0.9500365813102756
88,2024-03-07,1.32569032687926,1.2964665709078207,1.099045302507839,1.4177054317566795,1.169547206854433,1.206477684460798,1.278444101537246,1.1310455099326187,1.2227868947147937,1.2466940421123498,1.239613881398584,0.7818186325183752,1.358669977210197,1.6053584797786504,1.6327890333316244,1.431957898508748,1.421180421456609,1.2273793729590599,0.9543239108746255
89,2024-03-11,1.3206877101802705,1.298969061047437,1.0753179524974756,1.4330402664511734,1.173282918410629,1.1968931414122679,1.275600760517558,1.125681879799795,1.2202806706757092,1.2519442799119007,1.229609534479348,0.7664417619781771,1.3330245324794476,1.5896814616996324,1.6186520080308844,1.4218295139028176,1.4243622577486585,1.1975811957389142,0.9541270369138674
90,2024-03-12,1.3170289892221987,1.2741394125209868,1.0557145232920986,1.4234722255992789,1.1505988906119955,1.1752809642991398,1.2656692707222303,1.1102098857562763,1.204627548191621,1.2385201696682249,1.2288721814113952,0.7627274993157926,1.3069486699760893,1.575784838339823,1.5894841102634936,1.3686495908494183,1.3899596784840973,1.2031742859667747,0.9349238443631523
91,2024-03-13,1.2744104914036638,1.2166274823712155,1.0176925997266433,1.3461853619796609,1.1119340017002088,1.1584768943928812,1.2213611865903107,1.0974778552872846,1.1566354762751252,1.2043493618095091,1.209859899884341,0.7214248605783178,1.2274867224527728,1.487370575828485,1.467116831268969,1.3042320621454053,1.2976925035033275,1.1371799365858322,0.9054007316262053
92,2024-03-14,1.2872948415890848,1.245648574091686,1.0557662434467425,1.4226309141053906,1.1416824855425778,1.1764411584580707,1.2485306484890675,1.1183148335522342,1.1745875271704498,1.225616125127076,1.2375778148668388,0.7304181673330793,1.2493703304741084,1.5300592031752487,1.5508359342222213,1.299676474583253,1.3554392653332297,1.177402775560831,0.9148027934818754
93,2024-03-15,1.2701471932930797,1.2365349593615673,1.0542752325029192,1.414612704773324,1.1502763644970664,1.1644050779193464,1.2580025597797713,1.1184303102940416,1.1764401693000264,1.2146771468868895,1.236907833348331,0.7153374194138296,1.249705079344183,1.5006502231280283,1.5589901698278186,1.2881916615333107,1.348053264850615,1.1886916056730423,0.9221496508147654
94,2024-03-18,1.2749858406394083,1.2374704522028939,1.059636546024652,1.416109291040392,1.1430788402384737,1.16358511975402,1.2575342748170628,1.1160351396145451,1.173642983625796,1.2180699008371476,1.219769323732685,0.7190682894912845,1.2824232957203585,1.4959104964142436,1.554885186037041,1.3002959530630762,1.3637053694480576,1.1944318828653655,0.9263079481210506
95,2024-03-19,1.2680143912420223,1.2219430684851498,1.0509036587252756,1.4073211889515373,1.130422434327276,1.1492166902897802,1.2495462900919148,1.0864447027902704,1.1618737213326116,1.1973379848611148,1.1901520677315103,0.7033740967484525,1.2668954254124571,1.4690229481299977,1.5373023928778042,1.292199738694315,1.343430995239046,1.1680735831760167,0.905429996674426
96,2024-03-20,1.2673481125890804,1.226231402861395,1.0321257142195892,1.3910111597336932,1.1293113588381183,1.150980264029364,1.2527488135071208,1.0910784497399129,1.1583657391733695,1.1987010840100947,1.1866520464744084,0.7037999210744889,1.2645349483920427,1.4816845248446662,1.5379230310614778,1.314464915603549,1.3431599207089644,1.178525486783268,0.8841729298303954
97,2024-03-21,1.290128302427171,1.2701649390921244,1.0497567636002392,1.4163893932161995,1.1475987009277575,1.1702850290840388,1.286569752881382,1.0990519147215745,1.183240912414953,1.2120921675828957,1.2055247460797271,0.7153697400880088,1.29690427445307,1.5109771951425335,1.570751825151374,1.352458055192246,1.3740756501796272,1.179567218329743,0.9070262720319251
98,2024-03-22,1.30751050685034,1.273887685633352,1.065410828111694,1.44338389525376,1.1555454960828462,1.1766479851806324,1.292876668170007,1.104187956266008,1.192138107432158,1.2281045002194801,1.1863747167316108,0.7150252073079572,1.3047549370290865,1.5112876995489037,1.5869520829580066,1.3820275891045086,1.3799632494054495,1.2218843046006909,0.9165241104090451
99,2024-03-26,1.3101932410790775,1.2859255834059646,1.0682731083581392,1.4844349995743902,1.1603639655815312,1.191146430316444,1.310024793949035,1.1012689065987393,1.1982617089047831,1.2435217861513153,1.190229802284843,0.7064147968313912,1.308050228315423,1.537481313618944,1.601790706674846,1.4093894261577014,1.3960637957215798,1.234070014691894,0.9207715330894575
100,2024-03-27,1.3106843890973705,1.3056602142237412,1.0679363201540693,1.4790946894840309,1.162010246694722,1.206750203711905,1.3121350909904532,1.098403754188732,1.195325520259448,1.246523995674616,1.1915814385399695,0.7182577397978014,1.3092507061106322,1.5286958396765418,1.603382817219234,1.423385901601387,1.413594349599953,1.2410385453702228,0.9162607249750577
101,2024-03-28,1.3248157183424296,1.3170272447329934,1.0631561160730474,1.4816123534519858,1.1745471424085265,1.2227623240844876,1.3232406572160123,1.1046156796481785,1.2093005202046914,1.2599255699503278,1.1925427882747757,0.7135833319613817,1.325931167893378,1.540200601251086,1.6165888622825566,1.4162752750272252,1.417911123493249,1.254951702778308,0.916553375457266
102,2024-04-01,1.3224230706944557,1.3390544181848774,1.0839108089482206,1.5221204467900609,1.1971581089064283,1.228726524757828,1.3422404595835107,1.1072556107567895,1.2345353519738878,1.2742730269463054,1.2019700739998034,0.7421098863269768,1.3777072376648631,1.5519107803788823,1.6643105937332798,1.4811321614046842,1.4387854254193095,1.2998343729142634,0.9238377120053205
103,2024-04-02,1.3329119177187176,1.3549073002484722,1.0907328346594505,1.523757686519435,1.2166092393593446,1.2493206821056053,1.3598295159865887,1.115049310404516,1.2450574705625765,1.2754736362046484,1.2016652926644165,0.7606982872731102,1.4075281081342432,1.577509221856999,1.6977558058413338,1.5102809212360941,1.4581090777721737,1.2798171727820997,0.9302001995344192
104,2024-04-03,1.3247546638033105,1.3773997685609827,1.096147518101303,1.520638073070254,1.214801420508356,1.2440329538213868,1.3647057932044624,1.1109705064005562,1.2560051189925372,1.2755013133122626,1.2157700172152384,0.7625770346294881,1.40583866110085,1.584983506072436,1.7263630554718963,1.467130743519234,1.4472731238836312,1.2793603359415526,0.9257173262387758
105,2024-04-04,1.323520284055923,1.3687890577117818,1.0991246944491546,1.5205782168277353,1.2028158629408086,1.247250425951446,1.382090170446063,1.100565867251051,1.2569430894129747,1.274578704696434,1.2273493916893883,0.7615407149687979,1.406723355159573,1.565220614531667,1.7368184660253383,1.4715125838098357,1.4481998895278316,1.2766961368313643,0.9175324243431988
106,2024-04-05,1.324270890629089,1.3795869748002751,1.107850680150979,1.5100499144023505,1.1888192127820736,1.2488867474310432,1.3846992480388731,1.1079093186429008,1.2688321488705157,1.2802620510419276,1.222149187210111,0.762600790514116,1.412704777096674,1.572562460018336,1.7434692460807721,1.493829086279638,1.4606452707473199,1.279671656878085,0.909030927835051
107,2024-04-08,1.3382127484130384,1.3806225680099466,1.1103221533730787,1.5233965965400431,1.1983607309322322,1.2576025031781544,1.4108293304983217,1.1084611049442583,1.2641038247915446,1.2891894084917204,1.2071584234184616,0.747337946345858,1.4275124936524661,1.5932685577980272,1.7586978691367727,1.5100771033658626,1.4490507458034865,1.2917011656159316,0.9318150981044225
108,2024-04-09,1.3276283317335578,1.3674778916970456,1.1052085319765603,1.5128214579890575,1.189668529247853,1.247821386778216,1.4058900557429495,1.0982461650465238,1.2599971531431746,1.2888169169894634,1.205273901262283,0.7313105149861084,1.445822436791939,1.5889855603872847,1.7554031805796364,1.516898509280807,1.4435388117819388,1.2800792490394028,0.9665899567675419
109,2024-04-10,1.3351755484112797,1.375478215414029,1.123517734206246,1.5007892441847186,1.1877574853972757,1.2561848745979698,1.4153764713775048,1.1100088130607184,1.2670271203023382,1.2901445473609254,1.2061528281844238,0.7622464541422774,1.4777963985828453,1.6206736732829976,1.7589267647889093,1.5147949049984977,1.4696638348178441,1.2799863498108972,0.9944955104755565
110,2024-04-12,1.330629341968592,1.37898290001701,1.1161370103191885,1.486148302363681,1.1666719130026368,1.2488004194857312,1.4182897587648877,1.0998646309792666,1.2553316440050528,1.2783115673122702,1.1959856004268,0.7456974588248201,1.4759698687567055,1.5996887132086781,1.7462900312784422,1.4910060344323537,1.4579661428689656,1.2762305696751157,0.9525387429331555
111,2024-04-15,1.3173866799057894,1.3626751080204522,1.0862883956442038,1.4440310840857216,1.1563382700684066,1.230687842919305,1.3924152815395403,1.0904107884989014,1.2305866756443558,1.258657203141293,1.1706319022890856,0.7268435991353631,1.4669119565651905,1.6025507850518417,1.7074620249091335,1.4804950644272967,1.4226942995502936,1.2812745158564867,0.9390701696042564
112,2024-04-16,1.3215955444008376,1.3831533325882768,1.0854390398386675,1.452379766853828,1.1598053661081391,1.2227600201505575,1.3789426964832785,1.099851774581687,1.2256442471423064,1.26417429853148,1.1442842495077765,0.7407248512774149,1.4621873444767568,1.6043593008921406,1.7156535927717789,1.4585992807058048,1.4237235137785116,1.2680512423206762,0.9491320252743594
113,2024-04-18,1.3138743614633448,1.374386901855926,1.0779791533992458,1.459548368496958,1.1479298251821977,1.2051011766585866,1.3701165534801782,1.090717030886578,1.2231471208081328,1.2521370852937737,1.139670356319342,0.7347064027428554,1.4544499853661241,1.5807399811765894,1.7140790636282672,1.4434539333538758,1.4177202040682362,1.2933749793754226,0.9406744263385429
114,2024-04-19,1.3139951469163236,1.3757863736650366,1.0733674347071955,1.4487771126810265,1.1483177523874981,1.20883194829383,1.3790755791501692,1.0889479811114702,1.219858378043363,1.240956089442086,1.1343281589206058,0.7233829113953308,1.4671409578457102,1.572726501352048,1.7016710964404864,1.436579353283965,1.421469958317466,1.2812900854800902,0.9415736614566009
115,2024-04-22,1.3228022754801532,1.3948962462134076,1.0905280028322575,1.4841787808184879,1.1569115901267402,1.2335239057121237,1.3923316890010282,1.1058737961338794,1.239874260516647,1.2566845461945864,1.1282156800212773,0.7291144299697819,1.468449729258369,1.5843421888887053,1.7043484605955537,1.4546179882835906,1.4416838006918773,1.2760707050523228,0.944311273694712
116,2024-04-23,1.3302461173696825,1.4058803331043062,1.1008024199825621,1.520738381419898,1.173081116933097,1.2430244380196673,1.4171285202702069,1.1139573704908434,1.2496541376134123,1.2580915907926802,1.1329776436123957,0.7370487630592435,1.4638841669795957,1.5770741008025508,1.720951650124731,1.4956925623955377,1.4500027045712303,1.33710025617547,0.9580392417692049
117,2024-04-24,1.330698372311357,1.432647142256256,1.1188528411826313,1.5448573937180976,1.1847473165162217,1.2579641568395932,1.4208652747365027,1.117588175456482,1.2504085076327127,1.2710396021639858,1.1246683603006489,0.7298645222416751,1.5154576371410153,1.5919651693280819,1.7209706932158784,1.5067826516966512,1.4598971803351954,1.295293624763781,0.9653807781842364
118,2024-04-25,1.350275626523347,1.4460990775134772,1.1216721141988881,1.5564461685159632,1.1687378309261078,1.2532556661664276,1.417854499745796,1.1225558952001198,1.2618332146679787,1.2796360584707198,1.1210384910530937,0.7456175000065178,1.5340155678496692,1.603592928181131,1.7337128040858698,1.5030760884564123,1.4910564553854717,1.3181933382520703,0.9460791486531422
119,2024-04-26,1.34879662189933,1.4532891436140463,1.1326899307958347,1.5538631627081578,1.1623299068815751,1.2759379604744414,1.417245178692485,1.1277850170737962,1.259039731131411,1.2899227007308953,1.1303519960474189,0.7712984375887755,1.5407135555710674,1.617117150529773,1.7366626697383785,1.5270959998456026,1.5293536324752945,1.3214887182240371,0.9360305952776851
120,2024-04-29,1.348729787395283,1.466342978997158,1.1272244934207745,1.5571863029345858,1.1734158664040868,1.2753604177136135,1.428626019111724,1.1266133106076817,1.2713881654920296,1.2928226826864602,1.1297014567428239,0.7753230139238284,1.544981185944751,1.6262398750313622,1.7571607758910999,1.5155119817114198,1.5039523755058142,1.304594400052753,0.9340113069504485
121,2024-04-30,1.3635927374007857,1.476110159026662,1.1178765732503155,1.5421466119430833,1.1760901569296733,1.2779397121647758,1.438465110530819,1.1234382208480362,1.2792766231597916,1.2864004484364262,1.1210894764365182,0.7689256563085929,1.528300986090131,1.619587159742365,1.7728276690412172,1.5356606457397617,1.499645733017697,1.2979084121234643,0.9254153641503156
122,2024-05-02,1.3749381626716504,1.4871403144521007,1.1215796862456069,1.5498582736696935,1.17811306697461,1.289965959900101,1.4502932578166592,1.126339541733723,1.2897365914075698,1.2916504562039623,1.1248956439084103,0.7622230371356824,1.544226222816241,1.640034323756147,1.791577313819193,1.5391897015780964,1.5324434542975558,1.2943361009978636,0.9295949451280342
123,2024-05-03,1.3624736054064157,1.4975286974325066,1.1057411094543195,1.5156507218435147,1.1853152567103986,1.284726353943046,1.4370668304671512,1.1253713177281368,1.281221470564305,1.2922947483690073,1.1120487130757082,0.7591641715562654,1.5493789969623757,1.6350694449813248,1.786768066417886,1.5310993861969198,1.5231037371184462,1.2818163009483055,0.9256508147655467
124,2024-05-06,1.3595694506869551,1.4932856386081694,1.1056397501180044,1.4869410469974265,1.1724691851301758,1.2598152175757966,1.426803501952994,1.1382150830956252,1.2584231654542335,1.299793185064413,1.1113614395369737,0.7397716935142675,1.5349661364631622,1.6051617373748273,1.757548112215667,1.5812629314832547,1.4917512806196838,1.2743052113501154,0.9160864649151975
125,2024-05-07,1.3404934729640852,1.4707776316993013,1.0801851095826007,1.4538813433959925,1.1553426888142397,1.243664736137342,1.4233300099019133,1.1637062552414388,1.233935719824186,1.2727050650580907,1.1114649937672045,0.721378531649412,1.4945822276101794,1.579336482751489,1.6969455015750352,1.5258755605326344,1.4582355506495674,1.2524245897697823,0.9144023944130358
126,2024-05-08,1.3666074441832428,1.5054525172255666,1.0706487127710957,1.4748598655301433,1.1518164651999718,1.2322346579617267,1.431608821469454,1.1727797029434628,1.2345664362080853,1.2777625190728565,1.1077026677212911,0.7323468084347573,1.5212981181042646,1.6095014780317844,1.6998846145766673,1.5491617289819972,1.4799106877467256,1.266498966349069,0.9174978383771197
127,2024-05-09,1.3704185777106412,1.4818261869272804,1.0499951797786187,1.4058387425951886,1.1340102421085503,1.207364243302327,1.4091697568486323,1.1444417944507153,1.209944685884369,1.2503062559395048,1.0980431493116756,0.7303037446467007,1.4716725435385887,1.5538816850926518,1.656180447062853,1.520330421273575,1.4516086832340984,1.2476086906860846,0.9140498836049216
128,2024-05-10,1.384105600913765,1.497332830055368,1.0743959162073304,1.4049803330681954,1.1346174778167946,1.2286901831099795,1.427746286511959,1.1524650114121593,1.2179369782412266,1.2678214958021279,1.0934930726268897,0.7348775394005659,1.4958464110579122,1.5682517875033477,1.6817226391457925,1.5181016828616007,1.4679297707161805,1.260577045963528,0.9185114732291318
129,2024-05-13,1.364447448732063,1.5257454464567197,1.083528198320562,1.3955279715067153,1.144330063589184,1.2314292883590607,1.4232762765293776,1.1553089597713704,1.2152163539283363,1.2855941074617887,1.0984866299756422,0.7311200699546476,1.5108379440060054,1.5549667751960126,1.673787898467001,1.5313478602742927,1.490890478796537,1.252476992378735,0.9350821416694377
130,2024-05-14,1.379891346111338,1.5604344134374954,1.085528921567431,1.4633164901348874,1.1625247278028237,1.229754876533835,1.427124536295803,1.1504670493596245,1.2249839038187096,1.2848896816923303,1.1111696566804243,0.7357345815985064,1.5632560920090282,1.584288012958074,1.7388040867631562,1.5525836911793884,1.5182068684762506,1.283760141025684,0.9373222480877949
131,2024-05-15,1.3766489320719864,1.5939040237755124,1.0933272162434036,1.4746188594635563,1.1632096461876285,1.2305946343098204,1.4314045271996778,1.1398897415104152,1.2326040645865057,1.2877910322665869,1.1128445847046926,0.728902216089186,1.5735450154146862,1.601844010660701,1.7490145616285468,1.5768450791367836,1.5255770935880169,1.2908758615683196,0.9314413036248752
132,2024-05-16,1.3858837471040697,1.6291439398196297,1.0887814554134845,1.4977145222462274,1.167935836901223,1.2448244482072008,1.4429550090432854,1.1472728813889583,1.2386660719141014,1.2965858916078492,1.1315646660150551,0.7402175627100157,1.5721207236221098,1.6027533088537647,1.751303458376806,1.611764029788571,1.5286098591262927,1.3042478061879053,0.9479281676089124
133,2024-05-17,1.4008639293640137,1.676897205865706,1.092388926506657,1.5237737309689412,1.1876664648988762,1.2621866289308796,1.468699591496842,1.1465780123547298,1.243244610409158,1.3004048756835516,1.1244746719968721,0.7479886493151154,1.5993179541131646,1.6167564429830539,1.7639183580048856,1.628995393803144,1.5676615264214855,1.309254631679641,0.9466311938809443
134,2024-05-18,1.4076157664148201,1.7012559063774544,1.097272159609152,1.5500610604293674,1.1881736064249342,1.2650945075650648,1.4670389101140675,1.1516328226667742,1.2484253595406687,1.3087169374483156,1.1253105880869845,0.7644228138485889,1.6104066352484474,1.624330617515348,1.7690616186417891,1.6397437588055344,1.5645598511896635,1.3127763745892247,0.951632856667775
135,2024-05-21,1.4141034865748148,1.7174826616985648,1.100124842015126,1.653601626344249,1.1915681199848558,1.2699653032495668,1.486236511594462,1.1477928393580705,1.2502263561569225,1.3143217053155152,1.1248646063396877,0.7787172709939896,1.6719993457379345,1.6436556255002028,1.8280291890098244,1.6389768295742677,1.5419915628826244,1.3149067037762743,0.9374885267708677
136,2024-05-22,1.4152543831435773,1.7150964499229757,1.1026317637169762,1.6575364922418283,1.1932479677458856,1.2714398482297098,1.4905293342002626,1.1623106723210996,1.24630201659786,1.3217129076017233,1.1310988539220255,0.7927493713445121,1.654548625107099,1.6450613451009,1.839059365479261,1.6688755001689082,1.5565312288820512,1.3144506677697325,0.9664170269371464
137,2024-05-23,1.4355167922094556,1.7465662601377232,1.089772372861183,1.7622525859606948,1.206390058468979,1.2847244049777016,1.484663691747093,1.165610518929809,1.2599543297749185,1.3216624158028774,1.1435452677586306,0.7811820108134763,1.6594445823154504,1.65906419810643,1.8543086755567029,1.6880580732061037,1.5768165143451451,1.341412980672848,0.9466272031925504
138,2024-05-24,1.4441863678343414,1.761043935993024,1.0949020728688907,1.7680633222826612,1.198577029833843,1.2883133592391254,1.47131543620279,1.159620233350153,1.2605977078339903,1.3120943372116878,1.1440016382123503,0.7880748403609161,1.6510843511484745,1.6710718926980683,1.8413327356693254,1.6710033057277283,1.5588888298157175,1.3735524467496807,0.9459235118057864
139,2024-05-27,1.445897730170427,1.7714084804069763,1.1012052637176601,1.7899360977407677,1.1929881762311014,1.2936245086400948,1.4708055760446235,1.1583769095826784,1.2681426694967486,1.3099816861176108,1.153253388747035,0.764090793684266,1.6359358714293004,1.6660870340837732,1.8423325712622933,1.6874730925927734,1.5785052978371459,1.3637320400547928,0.9739381443298968
140,2024-05-28,1.4375285547387695,1.738810392645785,1.0916185651176162,1.7832654589878967,1.1952464635708786,1.2920368889948808,1.4560256937628604,1.1663777139736065,1.261329423299603,1.3162474333069047,1.1444819207828896,0.7837809800939092,1.6231623823742027,1.6471547090398924,1.8120592866187275,1.6621323476143823,1.5678011133697443,1.3442717833513813,0.9672484203525105
141,2024-05-29,1.4377783542882867,1.7560809388315435,1.0796823663271355,1.7828132680542224,1.1811739744503138,1.2866958016566006,1.4557914080146834,1.152820188347037,1.251671395046979,1.3197006241057754,1.1350233392151048,0.7795288616091145,1.6256904265864296,1.6331670822513475,1.8148078931133882,1.6370450829074454,1.5553474378908712,1.3493495417246983,0.9706910542068504
142,2024-05-30,1.426962469921803,1.738644220990685,1.0603295611841148,1.7995137385566176,1.1641607540689627,1.2643496722200498,1.4348855005838228,1.139779822464278,1.2366296675591553,1.2933177379704859,1.1117726284724005,0.792335516160407,1.5827392741402375,1.6142457329661766,1.8006205990109168,1.6355963540855611,1.518761469453279,1.3423451511025164,1.0100365813102756
143,2024-05-31,1.4205752665202305,1.739415113085999,1.0547106072433114,1.8054933354583529,1.1691559000492042,1.265069807495696,1.4200287878482492,1.1334204403062786,1.2471350557104273,1.2818801415990748,1.097640561483477,0.7758437961536131,1.6104768811424617,1.634310401782912,1.8568324215258651,1.6768287775214512,1.5408171604488625,1.3634789000470202,0.9565600266045888
144,2024-06-03,1.4474945605393574,1.8151720993075615,1.0836715987568488,1.9155923912786263,1.2202014436359634,1.283977974676303,1.4364928012661893,1.14578515363684,1.2988472582028627,1.2853090336295092,1.100936275580865,0.8046663193966891,1.6678557691060023,1.7455675057019808,1.9872571609392253,1.7755959830701429,1.6233726710715146,1.3997334251649811,0.9667682075157962
145,2024-06-04,1.398162906840618,1.6140141095795744,1.0407832889679949,1.6685960744047452,1.113593688576457,1.2344251666668318,1.378612760506024,1.1564259684631284,1.1809056806835907,1.2656883421837117,1.0836055213544418,0.7714125574244787,1.4755623260547321,1.52774839696044,1.692390598225052,1.582562146737855,1.4166809700158258,1.2405277042247447,0.9770256069171928
146,2024-06-05,1.458250998235228,1.6553377666216316,1.0823907421232104,1.6742903159493256,1.1524793105420092,1.2910848156766854,1.4737532878091824,1.215163704032854,1.22704249727153,1.3090810400369297,1.1188413286681735,0.8233999465459735,1.5616113444784836,1.5620293859833894,1.7499184466204116,1.650486648334322,1.4958886050004272,1.3297553533068136,1.0255776521449946
147,2024-06-06,1.4676912360274308,1.729439777414561,1.0965174629762262,1.728723785431635,1.1676205841690797,1.2964708453807998,1.496605232563243,1.209399835263926,1.2502062865391759,1.3140296979342774,1.149161919781961,0.8276806678446675,1.5827823349208099,1.611423876344112,1.8008141360780148,1.7375562377869316,1.5309755313654894,1.3543877669513364,1.0320824742268038
148,2024-06-07,1.496037871164905,1.757583958229958,1.0998630437766121,1.7549548165355637,1.1946627713876148,1.3167094588415902,1.5064234754331383,1.2247285622223647,1.2695326848721282,1.3332672472183382,1.1853375560290722,0.8357634385064906,1.6160038302761854,1.6381653146340267,1.8330119950541006,1.7618025778497923,1.5511475544618478,1.3989513154823028,1.0202713668107743
149,2024-06-10,1.505356377566302,1.753964940314659,1.1374845606246606,1.7563436799406438,1.2328693308048497,1.3237602172020564,1.5055669870918333,1.2336147585765511,1.273813203813155,1.3432962854862265,1.1660892093190443,0.860487439808644,1.6012843149542983,1.6344000161278915,1.845984053962946,1.7882035769279419,1.56492657195967,1.408195574281941,1.0283405387429327
150,2024-06-11,1.5119402015899752,1.7812823476691455,1.1343833078429395,1.8062430344372447,1.2372553775171506,1.3196964154169,1.514109769116693,1.2318614379099395,1.2757435079074275,1.3409950336734595,1.1669647413469115,0.8790932968439713,1.6003986574233178,1.6641092394598322,1.8530499668628966,1.805797859216901,1.5743074491557474,1.4204913860960962,1.0370349185234449
151,2024-06-12,1.5177465528967005,1.7957052759444674,1.1356323791055645,1.820435311729722,1.2579556756687609,1.3196911073374582,1.5175634310076125,1.223644124215804,1.2907697675565573,1.3479054688774676,1.1735533710158428,0.898357174752661,1.6131375991161736,1.6819453083964289,1.8667295204970593,1.806741155623769,1.5811510590690183,1.4260600800932446,1.0281715996009306
152,2024-06-13,1.5264795004151666,1.8272709692927276,1.143409669490844,1.8342994927702414,1.2604953324778558,1.3384526999110469,1.5184751613877585,1.2153401462691773,1.3000265767324526,1.3566512252914724,1.1930917005158514,0.8823134710853555,1.6161652051693474,1.6987140466539286,1.8578839984015108,1.8510506754960614,1.597152850468878,1.4085930774517834,1.033136015962753
153,2024-06-14,1.5448373334213898,1.8829852572748051,1.143723085928274,1.8304920316119566,1.2672084971502564,1.3528904948575384,1.540952339727051,1.2190432220898584,1.3115608127516076,1.3627608967882288,1.1823373624127045,0.8784367452361576,1.633901992942813,1.7080772055463536,1.8655300684392644,1.8589933522042383,1.6243322717854447,1.4231465585439127,1.0246145660126365
154,2024-06-18,1.5498656460140305,1.9075834984702216,1.1691151014269925,1.8446784191589356,1.262144729792365,1.3766477672237163,1.5719964681317773,1.2169136299197996,1.3149387964419001,1.3525931853013946,1.1922963867443084,0.8699506796462521,1.6312949382105135,1.7028981739683677,1.8798285739519194,1.8812928536467395,1.6397957451445933,1.4298649191930404,1.0222733621549709
155,2024-06-19,1.5358197980246266,1.863227717316791,1.178648413464597,1.8077563970289208,1.2502396242604918,1.352803523036387,1.566732075508791,1.209584454202835,1.3104045969454086,1.3425401079913852,1.1963284678912238,0.8577953375538614,1.6131646287422727,1.6697419392569854,1.8514174783277497,1.8285411545383876,1.6251832593300057,1.4043247974522137,1.036166278683072
156,2024-06-20,1.5350389052220623,1.869672437434153,1.243424142702968,1.800565126581814,1.2534085249478015,1.3649122725322986,1.5651528838932867,1.207740105748998,1.3149418407470637,1.3462706786246603,1.196589594647801,0.8635621025046268,1.6486290380888047,1.6808844891630426,1.856346360345136,1.8788034207034938,1.625679229680766,1.4023348259737032,1.0525028267376113
157,2024-06-21,1.520877118724611,1.8720728751500806,1.2382368996233,1.8378602450009447,1.2363225861243017,1.3767266758141274,1.564331233372123,1.1930410896802062,1.3080727730941826,1.343707672089041,1.2018713911425984,0.8627280202197602,1.649000449636511,1.6684554138225478,1.843978167589588,1.8665999246539968,1.6407019660757685,1.4206316470139224,1.059086132357831
158,2024-06-24,1.5347728199811836,1.9045311390014859,1.2136782586296597,1.8523386325254427,1.241580988304724,1.3821181707896217,1.591756224758215,1.2035492120897433,1.3066536087534069,1.3377426625189128,1.202492296541729,0.842775838991772,1.6309510530881397,1.6644139093105017,1.8555416297401557,1.879978313877175,1.6308365601632568,1.4283404626207725,1.0723631526438302
159,2024-06-25,1.5345090476098502,1.896279971052962,1.2042527055086414,1.8460683158473203,1.2375948681409759,1.3751880869385984,1.588560804983211,1.2042382565533196,1.3145560378021373,1.335349259382321,1.2042470014346935,0.8330737319034991,1.611871418941163,1.6511719148510886,1.8375156288318129,1.8245816895435374,1.617827411710422,1.4279549941827794,1.0763112736947116
160,2024-06-26,1.5271716423593564,1.8941172673900133,1.209946753997042,1.8543867301963204,1.2529540267886063,1.3745834876561815,1.5842664498403716,1.211828149146896,1.3152376615583536,1.3320393355849365,1.2024154337622215,0.8591964318497106,1.5832124494410935,1.6591850815112952,1.8324788560620477,1.7945282398455251,1.6358740510325176,1.4695703552002874,1.053141336880611
161,2024-06-27,1.535184875049523,1.9089450781853425,1.2060799578535792,1.8554583121120098,1.2749124714473092,1.3876212505676653,1.5819574377589185,1.2100597252244572,1.309746054466649,1.3330880329892945,1.22072004910951,0.8424876840771717,1.5896971972072782,1.6733191899233586,1.8567938129797352,1.8008935815132594,1.6370086875509775,1.496556027059852,1.0663225806451604
162,2024-06-28,1.5420060215989737,1.8980801983662292,1.211093777097439,1.8572459839650193,1.281124296903715,1.3990080497233417,1.5816907761147136,1.218196215617224,1.3114953490660228,1.3472226042545141,1.2311140802918221,0.8426802443109369,1.6023100820069087,1.6972368880643363,1.8537069830989141,1.8161011638501485,1.6353955065547965,1.4853843402090197,1.0402221483205845
163,2024-07-01,1.552062037467045,1.9171192578965062,1.2271564226980838,1.8479483103709462,1.3164557570738666,1.4054004461544165,1.5973205882638064,1.231018383101885,1.3243483743095343,1.3507398945655025,1.2549706072273024,0.8603803972120427,1.6172148814564837,1.7087987600622765,1.843237693993506,1.8073323488899393,1.6561123425597788,1.4968177636382423,1.0388174260059853
164,2024-07-02,1.5399494859982081,1.9031708767880888,1.2150359291270794,1.865229947103935,1.3115053855277579,1.4040577402083245,1.6015824453402048,1.2184168095498362,1.3086261902892453,1.3456431385897123,1.2627382928751751,0.8644016428328269,1.601134940310798,1.7161277518481122,1.8400421575615082,1.8251374665289084,1.6465121659282476,1.4762216453554002,1.0326691054206842
165,2024-07-03,1.5448065425601485,1.9302764000237629,1.220806142533034,1.875606732236061,1.311019998830467,1.409336397330762,1.5973935997949131,1.2273311901395134,1.3260391172859742,1.3575409537944838,1.2725550722491836,0.8640541340639907,1.6233362715964776,1.7167385267712592,1.8628405071236296,1.8235270565625512,1.6556243144834732,1.4994508855928217,1.02149517791819
166,2024-07-04,1.557153721307745,1.9598783648857985,1.220682285368632,1.8690041828709902,1.300691210603687,1.4096708629553347,1.6001634564914005,1.2241147319479815,1.3282970245419332,1.3775479134826747,1.2831599756869851,0.8538615697190896,1.6218631730549915,1.7139431283363398,1.8701277153869464,1.8224357586757394,1.662857639230474,1.5039981019014774,1.0293754572663776
167,2024-07-05,1.5575324208755914,1.9878043318506102,1.223308316655157,2.0444352884840344,1.2996393657207055,1.40809366452559,1.6138076180457712,1.2340323183045683,1.3379872059854534,1.3938307784649517,1.2828525218045197,0.8588482012510936,1.6322651425923045,1.7340675342219267,1.8781862792178745,1.8247902925047157,1.6691668548375693,1.4919540505318496,1.0484961755902884
168,2024-07-08,1.5551910184911222,1.970979794078145,1.2292086062368235,2.201617205629175,1.2937979074674244,1.396781508802474,1.6141362777385087,1.2525604519488405,1.3349933084194263,1.3902579327187998,1.2781594561508438,0.8573798393480023,1.6145621061981397,1.7442774849491178,1.8666466442300491,1.8107849635050757,1.6572282470874737,1.4663326283376437,1.049823744595942
169,2024-07-09,1.5831427832940956,1.9710099441730835,1.237429507042313,2.1669202455757843,1.302302995605386,1.4086920772544531,1.6142523004447844,1.26173120084394,1.338037374122426,1.4092857333851472,1.27846287791315,0.8619483708472216,1.6153355001902165,1.7461639419560295,1.8862498951245081,1.812129239749048,1.6536517482325863,1.46948687277704,1.048689058862653
170,2024-07-10,1.5723130981643134,1.9532565959579655,1.2277708337707056,2.2963243468937273,1.298671100058637,1.4245376992026364,1.6119892351736609,1.2678926157382786,1.3347651307483872,1.4151797464673592,1.2677245888837854,0.8434013037111527,1.5854137716068417,1.7493955384909157,1.8964076320465544,1.809988207561871,1.649382082203432,1.4675274299208623,1.0503638177585626
171,2024-07-11,1.5713471434368393,1.9659503707387023,1.2287927272451378,2.327018364302381,1.3008868071647224,1.4313115243370247,1.6161801808517555,1.2645598766021602,1.3414125953116254,1.4093032628353566,1.2658960037524276,0.8595009181491238,1.5883809556098825,1.780706884336236,1.8997279229758137,1.786316084895878,1.652716678626794,1.4759249723867667,1.0466910542068497
